,Title,Views,Posted,link
0,Lamborghini Aventador vs Tesla Model X - DRAG & ROLLING RACE - Can an EV SUV beat a supercar?,18M views,1 year ago,https://www.youtube.com/c/carwow/videos?view=0&sort=p&flow=grid
1,RS 3 v A45 AMG v Civic Type R v Golf R v Focus RS - DRAG & ROLLING RACE | Head-to-Head,14M views,2 years ago,https://www.youtube.com/c/carwow/videos?view=0&sort=p&flow=grid
2,"Lamborghini Aventador S v Tesla Model S P100D - DRAG RACE, ROLLING RACE & BRAKE TEST",12M views,1 year ago,https://www.youtube.com/c/carwow/videos?view=0&sort=p&flow=grid
3,"Tesla Model S v AMG GT 4 v BMW M5 v Porsche Panamera Turbo S - DRAG RACE, ROLLING RACE & BRAKE TEST",11M views,1 year ago,https://www.youtube.com/c/carwow/videos?view=0&sort=p&flow=grid
4,Lamborghini Urus v Tesla Model X v Mercedes-AMG G63 v Range Rover Sport SVR - DRAG & ROLLING RACE,11M views,1 year ago,https://www.youtube.com/c/carwow/videos?view=0&sort=p&flow=grid
5,"AMG GT C vs Audi R8 vs McLaren 570S vs BMW i8 - Roadsters ROOF, DRAG and ROLLING RACE!",11M views,1 year ago,https://www.youtube.com/c/carwow/videos?view=0&sort=p&flow=grid
6,"AMG A35 v BMW M140i v Golf R v Audi S3 v Focus RS - DRAG RACE, ROLLING RACE & BRAKE TEST",9.8M views,1 year ago,https://www.youtube.com/c/carwow/videos?view=0&sort=p&flow=grid
7,"Lamborghini Aventador S Roadster vs McLaren 720S Spider - DRAG RACE, ROLLING RACE & BRAKE TEST",8.8M views,1 year ago,https://www.youtube.com/c/carwow/videos?view=0&sort=p&flow=grid
8,BMW M5 v M4 v M2 v M6 - DRAG & ROLLING RACE,8.6M views,2 years ago,https://www.youtube.com/c/carwow/videos?view=0&sort=p&flow=grid
9,"New 911 vs GT-R NISMO vs Audi R8 vs BMW M850i - DRAG RACE, ROLLING RACE & BRAKE TEST",7.9M views,1 year ago,https://www.youtube.com/c/carwow/videos?view=0&sort=p&flow=grid
10,AMG G63 v Suzuki Jimny v Jeep Wrangler - Up-Hill DRAG RACE & which is best OFF-ROAD!,6.6M views,9 months ago,https://www.youtube.com/c/carwow/videos?view=0&sort=p&flow=grid
11,BMW M8 v Audi R8 v AMG GT 4dr v 911 vs Tesla Model X: DRAG RACE,6.5M views,6 months ago,https://www.youtube.com/c/carwow/videos?view=0&sort=p&flow=grid
12,AMG G63 vs Range Rover Sport SVR: TUG OF WAR - Mat vs Yianni!,6.3M views,7 months ago,https://www.youtube.com/c/carwow/videos?view=0&sort=p&flow=grid
13,Mercedes-AMG G63 vs Suzuki Jimny - TUG OF WAR,6.1M views,1 year ago,https://www.youtube.com/c/carwow/videos?view=0&sort=p&flow=grid
14,Bentley Continental GT 2019 in-depth review | carwow Reviews,6.1M views,2 years ago,https://www.youtube.com/c/carwow/videos?view=0&sort=p&flow=grid
15,Mega Audi Drag Race: R8 v RS6 v RS3 v S1 v RS2 v Ducati 2017 | Head2Head,6M views,4 years ago,https://www.youtube.com/c/carwow/videos?view=0&sort=p&flow=grid
16,We drove these electric cars until they DIED!,6M views,6 months ago,https://www.youtube.com/c/carwow/videos?view=0&sort=p&flow=grid
17,BMW M760Li v Tesla Model S v Audi RS 6 v Mercedes-AMG E63 S Estate DRAG & ROLLING RACE,5.8M views,2 years ago,https://www.youtube.com/c/carwow/videos?view=0&sort=p&flow=grid
18,New Audi RS5 v BMW M4 v Mercedes-AMG C63S Drag and Rolling Race | Head2Head,5.7M views,3 years ago,https://www.youtube.com/c/carwow/videos?view=0&sort=p&flow=grid
19,"New BMW M5 vs Mercedes-AMG E63 S - DRAG RACE, ROLLING RACE & BRAKE TEST",5.7M views,2 years ago,https://www.youtube.com/c/carwow/videos?view=0&sort=p&flow=grid
20,"AMG A45S v BMW M2 v Audi RS3 v VW Golf R: DRAG RACE, ROLLING RACE & BRAKE TEST!",5.6M views,5 months ago,https://www.youtube.com/c/carwow/videos?view=0&sort=p&flow=grid
21,Tesla Model 3 in-depth review - see why it’s the best electric car in the world!,5.2M views,1 year ago,https://www.youtube.com/c/carwow/videos?view=0&sort=p&flow=grid
22,"Honda Civic Type R vs Old NSX – DRAG RACE, ROLLING RACE & BRAKE TEST | Head-to-Head",5.1M views,2 years ago,https://www.youtube.com/c/carwow/videos?view=0&sort=p&flow=grid
23,"Lamborghini Aventador SV v Huracan Performante - DRAG RACE, ROLLING RACE & BRAKE TEST",5M views,11 months ago,https://www.youtube.com/c/carwow/videos?view=0&sort=p&flow=grid
24,Audi RS6 v BMW M5 v AMG E63 v Porsche Panamera - DRAG RACE,5M views,5 months ago,https://www.youtube.com/c/carwow/videos?view=0&sort=p&flow=grid
25,BMW M8 vs Nissan GT-R vs Ferrari V12 - DRAG RACE!,4.8M views,3 months ago,https://www.youtube.com/c/carwow/videos?view=0&sort=p&flow=grid
26,Ferrari Enzo vs LaFerrari - RACE & BRAKE TEST,4.8M views,9 months ago,https://www.youtube.com/c/carwow/videos?view=0&sort=p&flow=grid
27,"Toyota Land Cruiser, Audi Q7 & VW Touareg vs Land Rover: TUG OF WAR!",4.7M views,3 months ago,https://www.youtube.com/c/carwow/videos?view=0&sort=p&flow=grid
28,"Nissan GT-R vs Porsche 911 Turbo vs BMW M5 Comp - £100K DRAG RACE, ROLLING RACE & BRAKE TEST",4.6M views,1 year ago,https://www.youtube.com/c/carwow/videos?view=0&sort=p&flow=grid
29,AMG G63 vs Bentley Bentayga Speed & Porsche Cayenne Turbo - TUG OF WAR!,4.5M views,11 months ago,https://www.youtube.com/c/carwow/videos?view=0&sort=p&flow=grid
